Category,Subcategory,Product Title,Price,Rating,Reviews,Product URL
Electronics,LAPTOP,"Apple 2025 MacBook Air (13-inch, Apple M4 chip with 10-core CPU and 8-core GPU, 16GB Unified Memory, 256GB) - Sky Blue",94990,4.6,1,https://www.amazon.in/sspa/click
Electronics,LAPTOP,"ASUS TUF F16,13th Gen,Intel Core i5-13450HX,Gaming Laptop(RTX 5050-8GB/115W TGP/16GB RAM/1TB SSD/FHD+/16""/165Hz/90Whr/Windows 11/M365 Basic (1Year)*/Office Home 2024/Jaeger Gray/2.5 Kg)FX608JH-RV057WS",119990,4.3,100,https://www.amazon.in/ASUS-i5-13450HX-5050-8GB-Windows-FX608JH-RV057WS/dp/B0FB9F4LGG/ref=sr_1_3
Electronics,LAPTOP,"ASUS Vivobook 15, Smartchoice, AMD Ryzen 7 5825U, 16GB RAM, 512GB SSD, FHD 15.6"", Windows 11, Office Home 2024, Quiet Blue, 1.7Kg, M1502YA-BQ703WS, AMD Radeon iGPU, M365 Basic (1Year)*, 42Whr Laptop",49990,3.9,1,https://www.amazon.in/ASUS-Vivobook-Smartchoice-Windows-M1502YA-BQ703WS/dp/B0FC2LKFSC/ref=sr_1_4
Electronics,LAPTOP,"HP Pavilion x360, 13th Gen Intel Core i5-1335U (16GB DDR4, 1TB SSD) FHD, 14''/35.6 cm, Touchscreen 2-in-1, Win 11, Office 21, Silver, 1.51 kg, ek1010TU/1149tu, FPR, 5MP Camera, B&O, Backlit Laptop",72490,3.7,200,https://www.amazon.in/HP-Pavilion-i5-1335U-Graphics-14-ek1010TU/dp/B0BRT8BRKY/ref=sr_1_5
Electronics,LAPTOP,"Lenovo V14 Intel Core i5 13th Gen 14"" FHD (1920x1080) Antiglare 250 Nits Thin and Light Laptop (16GB RAM/512GB SSD/Windows 11 Home/Office 2024/Iron Grey/1.43 kg), 83A0A0PTIN",47990,3.6,,https://www.amazon.in/Lenovo-1920x1080-Antiglare-Windows-83A0A0PTIN/dp/B0FNS3DM56/ref=sr_1_6
Electronics,LAPTOP,"HP 15, 13th Gen Intel Core i3-1315U (12GB DDR4, 512GB SSD) FHD, Anti-Glare, Micro-Edge, 15.6''/39.6cm, Win11, M365 Basic(1yr)* Office24, Silver, 1.59kg, fd0573TU, FHD Camera w/Shutter Laptop",38490,4.0,2,https://www.amazon.in/HP-i3-1315U-Anti-Glare-Micro-Edge-fd0573TU/dp/B0F4R3GFMQ/ref=sr_1_7
Electronics,LAPTOP,"HP Smartchoice Victus, 13th Gen Intel Core i5-13420H, 4GB RTX 3050, 16GB DDR4(Upgradeable) 512GB SSD, 144Hz, 300nits, FHD, 15.6’’/39.6cm, Win11, Office24, Blue, 2.29kg, fa2190/fa2191tx Gaming Laptop",67990,3.7,500,https://www.amazon.in/HP-Smartchoice-i5-13420H-Upgradeable-Office24/dp/B0F6CVT23B/ref=sr_1_8
Electronics,LAPTOP,"HP Pro Book14[New Launch], 13th Gen Intel Core i5-1335U Turbo Boost, 24GB DDR4, 512GB SSD, Win11 Pro, MSO21, 3 Year Warranty, IPS 14"" FHD HDR Laptop, Finger Print, Backlit KB, Metal Body, Anti Virus",71250,4.5,,https://www.amazon.in/HP-Book14-i5-1335U-Warranty-Backlit/dp/B0FKN9VL6S/ref=sr_1_9
Electronics,LAPTOP,"Acer Aspire Lite, AMD Ryzen 3-5300U, 8 GB RAM, 512 GB SSD, Full HD 15.6""/39.62 cm, Windows 11 Home, Steel Gray, 1.59 KG, AL15-41, Premium Laptop",27999,3.9,500,https://www.amazon.in/Acer-Aspire-Premium-AL15-41-Display/dp/B0D37T35JP/ref=sr_1_10
Electronics,LAPTOP,"Lenovo V15 G4 AMD Athlon Silver 7120U Laptop 8GB LPDDR5 Ram, 512 GB SSD PCIe, Windows 11 Lifetime Validity,15.6"" FHD Screen, AMD Radeon 610M, Silver, 1 Year Brand Warranty",25979,4.1,200,https://www.amazon.in/Lenovo-V15-Lifetime-Validity-Warranty/dp/B0CL7CMTXS/ref=sr_1_13
Electronics,LAPTOP,"Acer Aspire 3 12th Gen Intel Core i3-1215U Premium Laptop (8GB RAM/512GB SSD/Windows 11 Home) A325-51,15.6"" Full HD IPS Display, 54Whr Battery, Silver, 1.69 Kg",29990,4.0,100,https://www.amazon.in/Acer-i3-1215U-Premium-Windows-AL15-52/dp/B0CKLN7PSZ/ref=sr_1_14
Electronics,LAPTOP,"ASUS TUF A15 (2025), AMD Ryzen 7 7445HS, Gaming Laptop(RTX 3050,75W TGP,16GB DDR5(Upgradeable Upto 64GB )512GB SSD,FHD,15.6"",144Hz,RGB Keyboard,48Whrs,Windows 11,Graphite Black,2.3 Kg) FA506NCG-HN199W",70990,4.1,1,https://www.amazon.in/ASUS-Upgradeable-Keyboard-Graphite-FA506NCG-HN199W/dp/B0FM3C4L2F/ref=sr_1_15
Electronics,LAPTOP,"HP 15, 13th Gen Intel Core i5-1334U, (16GB DDR4,512GB SSD) Anti-Glare, Micro-Edge, FHD, 15.6''/39.6cm, Win11, M365 Basic(1yr)* Office24, Silver, 1.59kg, fd0577TU, Iris Xe, FHD Camera w/Shutter Laptop",54990,3.8,2,https://www.amazon.in/HP-i5-1334U-Anti-Glare-Micro-Edge-fd0577TU/dp/B0F4R6H3NB/ref=sr_1_16
Electronics,LAPTOP,"Acer Aspire Lite, Intel Core i5 13th Gen - 1334U, 16GB RAM, 512GB SSD, Full HD 15.6""/39.62 cm, Windows 11 Home, MS Office, Steel Gray, 1.59 KG, AL15-53, Metal Body, Thin and Light Premium Laptop",44990,3.7,1,https://www.amazon.in/Acer-Aspire-Lite-Intel-Core/dp/B0DPXBHF8H/ref=sr_1_17
Electronics,LAPTOP,"ASUS Vivobook 15, Smartchoice,Intel Core i5 13th Gen 13420H,16GB RAM, 512GB SSD, FHD 15.6"",Windows 11, Office Home 2024, Quiet Blue, 1.70 kg, X1502VA-BQ836WS,Intel UHD iGPU, M365 Basic (1Year)* Laptop",56990,4.0,1,https://www.amazon.in/ASUS-Vivobook-i5-13420H-Keyboard-X1502VA-BQ836WS/dp/B0DTYKLHYC/ref=sr_1_18
Electronics,LAPTOP,"Cable World® Educational Laptop Computer Toy for Kids Above 3 Years - 20 Fun Activity Learning Machine, Now Learn Letter, Words, Games, Mathematics, Music, Logic, Memory Tool",699,3.8,2,https://www.amazon.in/Cable-Educational-Laptop-Computer-Kids/dp/B0FFYH9N2K/ref=sr_1_19
Electronics,LAPTOP,Ultimus APEX Pro Intel Pentium Quad Core Laptop 4GB RAM 128GB eMMC SSD Expandable~512GB Ultra Thin Bezel 180° Hinge 2.0x1 3.0x1 USB HDMI SD Card Slot ‎LPDDR4 Dual Speaker Win11 Home Cloud Silver 1.2Kg,12490,4.0,,https://www.amazon.in/Ultimus-Pentium-Expandable-512GB-%E2%80%8ELPDDR4-Speaker/dp/B0FKM5KW4R/ref=sr_1_20
Electronics,MOBILE PHONE,"Redmi 13 5G Prime Edition, Black Diamond, 8GB+128GB | India Debut SD 4 Gen 2 AE | 108MP Pro Grade Camera | 6.79in Largest Display in Segment",11199,4.1,5,https://www.amazon.in/Redmi-Diamond-Largest-Display-Segment/dp/B0D78Y577J/ref=sr_1_3
Electronics,MOBILE PHONE,"POCO M7 5G, Ocean Blue (6GB, 128GB)",8498,4.1,5,https://www.amazon.in/POCO-Ocean-Blue-6GB-128GB/dp/B0F135PGDX/ref=sr_1_4
Electronics,MOBILE PHONE,"Samsung Galaxy M06 5G (Blazing Black, 6GB RAM, 128 GB Storage) | MediaTek Dimensity 6300 | AnTuTu Score 422K+ | 12 5G Bands | 25W Fast Charging | 4 Gen of OS Upgrades | Without Charger",8999,3.9,5,https://www.amazon.in/Samsung-MediaTek-Dimensity-Charging-Upgrades/dp/B0DX5R87P8/ref=sr_1_5
Electronics,MOBILE PHONE,"Samsung Galaxy S24 FE 5G AI Smartphone (Graphite, 8GB RAM, 128GB Storage)",33999,4.3,5,https://www.amazon.in/Samsung-Galaxy-Smartphone-Graphite-Storage/dp/B0DHL7YT5S/ref=sr_1_6
Electronics,MOBILE PHONE,Redmi A5 Just Black (3GB RAM 64GB Storage) | Royale Design | Segment's Largest 17.47cm(6.88) and Smoothest 120Hz Display | 5200mAh Large Battery | Expandable Storage up to 2TB,6288,3.8,1,https://www.amazon.in/Redmi-Storage-Segments-Smoothest-Expandable/dp/B0F3P2ZL2X/ref=sr_1_7
Electronics,MOBILE PHONE,Redmi A3X Ocean Green 4GB RAM 128GB ROM,6779.,4.0,500,https://www.amazon.in/Redmi-Storage-Premium-Powerful-Processor/dp/B0D78VJQ93/ref=sr_1_8
Electronics,MOBILE PHONE,"(Refurbished) Oppo F31 Pro 5G (Space Grey, 8GB RAM, 256GB Storage)",24648,,,https://www.amazon.in/Refurbished-Oppo-Space-256GB-Storage/dp/B0FW4RP2G5/ref=sr_1_9
Electronics,MOBILE PHONE,"Samsung Galaxy A35 5G (Awesome Navy, 8GB RAM, 128GB Storage) Without Offer",17999,4.2,3,https://www.amazon.in/samsung-Galaxy-Awesome-Storage-Without/dp/B0CXMD9YX5/ref=sr_1_10
Electronics,MOBILE PHONE,XIAOMI 14 Civi Aqua Blue (12GB RAM 512GB Storage) | 50 MP Leica Triple Camera| SD 8s Gen 3 | 1.5K Quad Curved AMOLED HyperOS,29249,4.1,500,https://www.amazon.in/Xiaomi-Storage-Triple-Camera-HyperOS/dp/B0DW8DHZTM/ref=sr_1_13
Electronics,MOBILE PHONE,"Redmi 13 5G Prime Edition, Orchid Pink, 8GB+128GB | India Debut SD 4 Gen 2 AE | 108MP Pro Grade Camera | 6.79in Largest Display in Segment",11199,4.1,5,https://www.amazon.in/Redmi-Orchid-Largest-Display-Segment/dp/B0D78X5CMJ/ref=sr_1_14
Electronics,MOBILE PHONE,"Motorola G05 4G (Forest Green, 4+64)",7480,4.0,1,https://www.amazon.in/Motorola-Forest-Green-64GB-Storage/dp/B0DSTLPR3C/ref=sr_1_15
Electronics,MOBILE PHONE,"Motorola g45 5G (Pantone Moss, 128 GB) (8 GB RAM)",12290,4.0,2,https://www.amazon.in/Motorola-g45-Pantone-Moss-128/dp/B0FL21SZXQ/ref=sr_1_16
Electronics,MOBILE PHONE,"Redmi A4 5G (Starry Black, 4GB RAM, 128GB Storage) | Segment Largest 6.88in 120Hz | 50MP Dual Camera | 18W Fast Charging | Charger in The Box",8349,4.0,5,https://www.amazon.in/Redmi-A4-5G-Storage-Charging/dp/B0DLW4QD72/ref=sr_1_17
Electronics,MOBILE PHONE,Nothing Phone (3a) 5G (8GB RAM + 128GB Storage) (White),22668,4.4,1,https://www.amazon.in/Nothing-Phone-128GB-Storage-White/dp/B0DZTMFWDB/ref=sr_1_18
Electronics,MOBILE PHONE,"Samsung Galaxy M35 5G (DayBreak Blue,8GB RAM,128GB Storage)| Corning Gorilla Glass Victus+| AnTuTu Score 595K+| Vapour Cooling Chamber| 6000mAh Battery| 120Hz Super AMOLED Display| AI| Without Charger",18499,4.2,3,https://www.amazon.in/Samsung-Daybreak-Storage-Corning-Gorilla/dp/B0D7Z8FJZ9/ref=sr_1_19
Electronics,MOBILE PHONE,"realme NARZO 80 Lite 4G (Obsidian Black, 4GB+64GB) | 6300mAh Segment's Biggest Battery | 7.94mm Slim Design | 300% Ultra Volume | Pulse Light: 9 Colors, 5 Glow Modes | Ai Assist",6798,4.2,5,https://www.amazon.in/realme-Obsidian-6300mAh-Segments-Biggest/dp/B0FG2LPC6K/ref=sr_1_20
Electronics,HEADPHONES,"boAt 2025 Launch Rockerz 411, 40Ms Low Latency, 40Hrs Battery, 40Mm Drivers, ENx Tech, Stream Ad Free Music via App Support, Bluetooth Headphones, Wireless Over Ear Headphone with Mic (Active Black)",1099,4.2,5,https://www.amazon.in/boAt-Bluetooth-Headphones-Wireless-Headphone/dp/B0FC2Y8XYF/ref=sr_1_3
Electronics,HEADPHONES,"pTron Studio Evo 70hrs Playtime Wireless Over Ear Headphones with HD Mic, Low-Latency Game/Movie/Music Modes, Punchy Bass, BT5.3, Dual Device Pairing, Voice Assistant & Type-C Fast Charging (Blue)",799,4.1,500,https://www.amazon.in/pTron-Studio-Headphones-Low-Latency-Assistant/dp/B0FGV2CNN5/ref=sr_1_4
Electronics,HEADPHONES,"GOBOULT Newly Launched Fluid X Headphones Bluetooth Wireless with 60H Playtime, 40mm Bass Driver, Zen ENC Mic, Type-C Charging, Combat™Gaming Mode, BTv 5.4, Headphones Wireless with mic (Jet Black)",1999,4.0,2,https://www.amazon.in/Launched-Headphones-Bluetooth-Wireless-CombatTMGaming/dp/B0FNNB4C7B/ref=sr_1_5
Electronics,HEADPHONES,"boAt Rockerz 480, RGB LEDs,6 Light Modes, 40mm Drivers,Beast Mode, 60H Battery, ENx Tech, Stream Ad Free Music via App Support, Bluetooth Headphones, Wireless Over Ear Headphone with Mic (White Sabre)",1699,4.1,4,https://www.amazon.in/boAt-Rockerz-480-Bluetooth-Headphones/dp/B0DGTTKCJX/ref=sr_1_6
Electronics,HEADPHONES,"ZEBRONICS THUNDER Bluetooth 5.3 Wireless Headphones with 60H Backup, Gaming Mode, Dual Pairing, ENC, AUX, Micro SD, Voice assistant, Comfortable Earcups, Call Function(Black)",838.,3.8,3,https://www.amazon.in/ZEBRONICS-Bluetooth-Headphones-assistant-Comfortable/dp/B07L8KNP5F/ref=sr_1_7
Electronics,HEADPHONES,Boat BassHeads 100 in-Ear Headphones with Mic (Black),339,4.1,5,https://www.amazon.in/boAt-BassHeads-100-Headphones-Black/dp/B071Z8M4KX/ref=sr_1_8
Electronics,HEADPHONES,Acer Nitro Triple-Mode Gaming Headset | Bluetooth + 2.4GHz USB-C/USB-A Dongle + Wired | 50mm Drivers | 7.1 Virtual Surround | Running RGB | Low Latency <30ms | Flexible LED Mic | Windows/Android/iOS,3375,5.0,,https://www.amazon.in/Triple-Mode-Headset-Bluetooth-Surround-Flexible/dp/B0FR4KJ6NT/ref=sr_1_9
Electronics,HEADPHONES,"boAt Rockerz 450, 15 HRS Battery, 40mm Drivers, Padded Ear Cushions, Integrated Controls, Dual Modes, On Ear Bluetooth Headphones, Wireless Headphone with Mic (Luscious Black)",1399,4.0,4,https://www.amazon.in/Rockerz-450-Wireless-Bluetooth-Headphone/dp/B07PR1CL3S/ref=sr_1_10
Electronics,HEADPHONES,"Zebronics Zeb-Storm On Ear Wired Headphone with 3.5mm Jack, Built in Microphone for Calling, 1.5 Meter Cable, Soft Ear Cushion, Adjustable Headband, Foldable Ear Cups and Lightweight Design (Black)",523.,3.7,1,https://www.amazon.in/ZEBRONICS-Zeb-Storm-Microphone-Adjustable-Lightweight/dp/B0B4G44RFS/ref=sr_1_13
Electronics,HEADPHONES,"boAt 2025 Launch Rockerz 421, 40H Battery, Low Latency(40Ms), 40Mm Drivers, Enx Tech, Stream Ad Free Music via App Support, Bluetooth Headphones, Wireless Over Ear Headphone with Mic (Sage Green)",1399,4.2,500,https://www.amazon.in/boAt-Rockerz-Bluetooth-Headphones-Headphone/dp/B0F7LZ2GW2/ref=sr_1_14
Electronics,HEADPHONES,"Boat Rockerz 425 Bluetooth Wireless Over Ear Headphones with Mic Signature Sound, Beast Mode for Gaming, Enx Tech, ASAP Charge, 25H Playtime, Bluetooth V5.2 (Active Black)",1299,3.7,1,https://www.amazon.in/Rockerz-425-Bluetooth-Headphones-Signature/dp/B09QL3NQHX/ref=sr_1_15
Electronics,HEADPHONES,"Sony WH-CH520 Wireless Bluetooth Headphones On Ear with Mic, Up to 50Hrs Battery, Quick Charge, DSEE Upscale, Multipoint Connectivity, Voice Assistant, Customized EQ-Blue",3990,4.2,2,https://www.amazon.in/Sony-Bluetooth-Headphones-Multipoint-Connectivity/dp/B0BS1RT9S2/ref=sr_1_16
Electronics,HEADPHONES,"Boat Rockerz 430, 40mm Drivers, 40ms Latency, 40H Battery, ENx Tech, Adaptive Fit, Stream Ad Free Music via App Support, Bluetooth Headphones, Wireless Over Ear Headphone with Mic (Black Sabre)",1199,3.4,1,https://www.amazon.in/boAt-Rockerz-430-Assistant-Headphones/dp/B0DGTSTQWL/ref=sr_1_17
Electronics,HEADPHONES,"HP H200 On Ear Wireless Headset, Black",999,4.0,5,https://www.amazon.in/HP-99Y16AA-H200-Wireless-Headset/dp/B0DHKJ5HWL/ref=sr_1_18
Electronics,HEADPHONES,"boAt Rockerz 650 Pro (2025 Launch),Touch/Swipe Controls,Dolby Audio,80Hrs Battery,2Mics Enx,Fast Charge,App Support,Dual Pair,Bluetooth Over Ear Headphones,Wireless Headphone with Mic (Sage Green)",2999,4.2,1,https://www.amazon.in/boAt-Rockerz-650-Pro-Headphones/dp/B0DV5GLTLZ/ref=sr_1_19
Electronics,HEADPHONES,"ZEBRONICS Jet Premium Wired Gaming On Ear Headphone with LED Light for earcups, 40mm Neodymium Drivers, 2 Meter Braided Cable, Flexible mic, Suspension Headband, 3.5mm + USB Connector (Black + Blue)",775,3.9,1,https://www.amazon.in/ZEBRONICS-Headphone-Neodymium-Suspension-Controller/dp/B0B5RL2G3S/ref=sr_1_20
Electronics,KEYBOARD,ZEBRONICS ZEB-KM2100 Multimedia USB Keyboard Comes with 114 Keys Including 12 Dedicated Multimedia Keys & with Rupee Key,249,3.7,5,https://www.amazon.in/ZEBRONICS-ZEB-KM2100-Multimedia-Including-Dedicated/dp/B077T3BG5L/ref=sr_1_3
Electronics,KEYBOARD,"Dell KB216 Wired Multimedia Keyboard - Full-Size Layout with USB Interface, Chiclet Keys, Spill Resistance with 3 Indicator Lights| Plug and Play| Hot Keys: Volume, Mute, Play/Pause, Backward, Forward",569,4.3,3,https://www.amazon.in/Dell-KB216-Wired-Multimedia-Keyboard/dp/B00ZYLMQH0/ref=sr_1_4
Electronics,KEYBOARD,"EvoFox Fireblade TKL Semi-Mechanical Gaming Keyboard with Rainbow Backlit& Breathing Effect, Floating Keycaps, 19 Anti-Ghosting & 12 Multimedia Keys, Windows Lock Key, Braided Cable (Black)",799,4.0,1,https://www.amazon.in/AMKETTE-Amkette-Fireblade-Keyboard-Anti-Ghosting/dp/B085366TJW/ref=sr_1_5
Electronics,KEYBOARD,"Zebronics K24 Wired USB Keyboard, 104 Keys, Long Life 8 Million Keystrokes, Silent & Comfortable Use, Slim Design, Retractable Stand, 1.5 Meter Textured Cable, UV Coated keycaps",349,3.7,1,https://www.amazon.in/Zebronics-Keyboard-keystrokes-Comfortable-Retractable/dp/B0B29G5SSW/ref=sr_1_6
Electronics,KEYBOARD,HP K120 Wired Keyboard/3 Years RTB Warranty,599,4.0,4,https://www.amazon.in/HP-AB3C9AA-K120-Wired-Keyboard/dp/B0DXPHG886/ref=sr_1_7
Electronics,KEYBOARD,"FRONTECH Wired Mini Keyboard | Membrane Keys with Retractable Stands | USB Plug & Play | Ergonomic & Comfortable Design | 1 Year Warranty (KB-0041, Black)",299,3.9,500,https://www.amazon.in/FRONTECH-Retractable-Ergonomic-Comfortable-KB-0041/dp/B0CTMTKQWT/ref=sr_1_8
Electronics,KEYBOARD,"Ant Esports MK700 V2 Membrane TKL Wired Gaming Keyboard, 87 UV Coated Mechanical feel Keys Cool RGB Backlight Waterproof Keyboard for PC Laptop Mobile Tablets Gaming, Design and Work Mercury White",679,4.1,1,https://www.amazon.in/Ant-Esports-MK700-V2-Mechanical/dp/B0DFCW1ZNL/ref=sr_1_9
Electronics,KEYBOARD,"Keychron K10 Max Wireless Custom Mechanical Keyboard, 100% Layout QMK 2.4 GHz Bluetooth Wired White Backlit PBT Keycaps 108 Keys Compatible with Mac Windows Linux",27957,4.6,,https://www.amazon.in/Keychron-Wireless-Mechanical-Bluetooth-Compatible/dp/B0D62YM3J5/ref=sr_1_10
Electronics,KEYBOARD,"EvoFox Katana X2 TKL Mechanical Gaming Keyboard | 3‑Pin Replaceable Clicky Blue Switches, Dynamic Backlighting, All Keys Anti‑Ghosting, Volume Knob, Copilot, Xbox Gamebar, Screenshot & More (Black)",1649,4.2,1,https://www.amazon.in/EvoFox-Backlighting-Replaceable-Anti-Ghosting-Multifunction/dp/B0DDV1GWP7/ref=sr_1_13
Electronics,KEYBOARD,Build Your Dream Mechanical Keyboard: Customizable DIY Kit with Hot-Swappable Switches,,,,https://www.amazon.in/Lancemates-Build-Dream-Mechanical-Keyboard/dp/B0FN3Y217M/ref=sr_1_14
Electronics,KEYBOARD,"Logitech MK215 Wireless Keyboard and Mouse Combo, 2.4 GHz Wireless, 3 Years Warranty, Compact Design, 2-Year Battery Life(Keyboard),5 Month Battery Life(Mouse) PC/Laptop- Black",1169,4.0,4,https://www.amazon.in/Logitech-MK215-Wireless-Keyboard-Mouse/dp/B012MQS060/ref=sr_1_15
Electronics,KEYBOARD,Kreo Hive 65 RGB Anti-ghosting Gaming Keyboard | Wired Mechanical Keyboard with RGB Backlight | 5 Pin Hot-Swap | Detachable USB C Cable (Black),2899,4.5,500,https://www.amazon.in/Kreo-Anti-ghosting-Mechanical-Backlight-Detachable/dp/B0F4K8KZS8/ref=sr_1_16
Electronics,KEYBOARD,"Amkette New and Improved Optimus BT 4 in 1 Multi Device Wireless Keyboard/Bluetooth Keyboard | One Click Device Switching and AI Access for Windows, MacOs, Android and iOS, Dual OS Layout (Black)",879,3.9,400,https://www.amazon.in/Amkette-Wireless-Bluetooth-Connectivity-Multimedia/dp/B0D6G1TVWL/ref=sr_1_17
Electronics,KEYBOARD,"Ant Esports MK 1700 Wired Membrane Gaming Keyboard –with Backlit RGB LED, USB-A Connection, Quiet Keystrokes, 12 Multimedia Function Keys - for Computer, PC, Desktop, Gamer– 1 Year Warranty–Mercury",619,3.9,500,https://www.amazon.in/Ant-Esports-Connection-Keystrokes-Multimedia/dp/B0CLJHP3RF/ref=sr_1_18
Electronics,KEYBOARD,"Amkette New and Improved Optimus BT 4 in 1 Multi Device Wireless Keyboard/Bluetooth Keyboard | One Click Device Switching and AI Access for Windows, MacOs, Android and iOS, Dual OS Layout (White)",879,3.9,500,https://www.amazon.in/Amkette-Optimus-Bluetooth-Switching-White/dp/B0F2HRXTNV/ref=sr_1_19
Electronics,KEYBOARD,"Zebronics Wired Keyboard with 104 Keys, 1.2m Cable, ₹ Key, USB Interface, UV-Coated Keys, Retractable Stand, USB Nano Receiver, for PC, Laptop(K65, Black)",299,4.0,100,https://www.amazon.in/Zebronics-Keyboard-Interface-UV-Coated-Retractable/dp/B0FPQYK3D7/ref=sr_1_20
Electronics,MOUSE,"Zebronics Zeb-Comfort Wired USB Mouse, 3-Button, 1000 DPI Optical Sensor, Plug & Play, for Windows/Mac, Black",109,3.9,5,https://www.amazon.in/ZEBRONICS-Zeb-Comfort-3-Button-Optical-Windows/dp/B079Y6JZC8/ref=sr_1_3
Electronics,MOUSE,"Portronics Toad 101 Wired Optical Mouse with 1200 DPI, Plug & Play, Hi-Optical Tracking, 1.25M Cable Length, 30Lakhs Click Life(Black)",119,4.1,4,https://www.amazon.in/Portronics-Optical-Hi-Optical-Tracking-Million/dp/B0BRKSQ7Z2/ref=sr_1_4
Electronics,MOUSE,"Dell MS116 Wired Optical Mouse - High Precision 1000DPI Sensor, USB Connectivity, Ergonomic Ambidextrous Design, Smooth Scrolling, Ideal for Office & Home Use - Black",309,4.4,5,https://www.amazon.in/Dell-MS116-1000DPI-Wired-Optical/dp/B01HJI0FS2/ref=sr_1_5
Electronics,MOUSE,"ZEBRONICS PHERO Wired Gaming Mouse with up to 1600 DPI, Rainbow LED Lights, DPI Switch, High Precision, Plug & Play, 4 Buttons",199,4.0,2,https://www.amazon.in/ZEBRONICS-Gaming-Rainbow-Precision-Buttons/dp/B0CG13FJ5M/ref=sr_1_6
Electronics,MOUSE,"Redgear A-10 Wired Gaming Mouse with RGB LED, Lightweight and Durable Design, DPI Upto 2400, Compatible with Windows.",172.,4.3,1,https://www.amazon.in/Redgear-Gaming-Mouse-Upto-2400/dp/B08372ZPVS/ref=sr_1_7
Electronics,MOUSE,EvoFox Starter Series Spectre USB Wired Gaming Mouse | Upto 3600 DPI Gaming Sensor | 6 Buttons | Upto 7 Million Clicks | 7 Colours Rainbow Lighting with Breathing Effect | 1.5m Braided Cable (White),379,4.4,1,https://www.amazon.in/EvoFox-Spectre-Lighting-Breathing-White/dp/B0DGVH47HW/ref=sr_1_8
Electronics,MOUSE,"Portronics Toad One Bluetooth Mouse with 2.4 GHz & BT 5.3 Dual Wireless, 6 Buttons, Rechargeable, RGB Lights, Connect 3 Devices, Ergonomic Design for Laptop, Smartphone, Tablet (Black)",549,4.3,5,https://www.amazon.in/Portronics-Wireless-Bluetooth-Connectivity-Rechargeable/dp/B0BG8LZNYL/ref=sr_1_9
Electronics,MOUSE,"ZEBRONICS Blanc Slim Wireless Mouse with Rechargeable Battery, BT + 2.4GHz, 4 Buttons, 800/1200/1600 DPI, Silent Operation, Multicolor LED Lights",392,4.0,5,https://www.amazon.in/ZEBRONICS-Launched-Rechargeable-Operation-Multicolor/dp/B0CQRNWJM2/ref=sr_1_10
Electronics,MOUSE,"Logitech M186 Wireless Mouse, 2.4GHz with USB Mini Receiver, 12-Month Battery Life, 1000 DPI Optical Tracking, Ambidextrous, Compatible with PC, Mac, Laptop",495,4.1,5,https://www.amazon.in/Logitech-Wireless-Receiver-Ambidextrous-Compatible/dp/B0D18192T2/ref=sr_1_13
Electronics,MOUSE,EvoFox Blaze Ultra Value 8 Button Programmable Gaming Mouse with 1000Hz Polling Rate | Gaming Grade DPI 200 to 12800 | Ultra-Responsive 7000fps | RGB Lights with Music sync Mode | Windows Software,583,4.4,1,https://www.amazon.in/EvoFox-Blaze-Programmable-Ultra-Responsive-Sensitive/dp/B0D66VB4TH/ref=sr_1_14
Electronics,MOUSE,"Arctic Fox Pureview Transparent Wireless and Bluetooth Rechargeable Mouse, USB Receiver,LED Battery Magic Silm for Office/PC/Mac/Laptop/Apple/ipad(Space Gray)",649,4.4,4,https://www.amazon.in/Arctic-Fox-Transparent-Bluetooth-Rechargeable/dp/B0CP9NSXYJ/ref=sr_1_15
Electronics,MOUSE,EvoFox Starter Series Spectre USB Wired Gaming Mouse with Upto 3600 DPI Gaming Sensor | 6 Buttons Design | Upto 7 Million Clicks | 7 Colours Rainbow Lighting with Breathing Effect | 1.5m Braided Cable (Black),379,4.4,2,https://www.amazon.in/EvoFox-Spectre-Buttons-Lighting-Breathing/dp/B0CNQ75PC8/ref=sr_1_16
Electronics,MOUSE,"Zebronics Zeb-Power Wired USB Mouse, 3-Button, 1200 DPI Optical Sensor, Plug & Play, for Windows/Mac",117,3.9,500,https://www.amazon.in/Zebronics-Zeb-Power-Wired-Mouse-Black/dp/B07L9FW9GF/ref=sr_1_17
Electronics,MOUSE,HP M190 Wireless Mouse (AB3C6AA),422,3.6,5,https://www.amazon.in/HP-M190-Wireless-Mouse-AB3C6AA/dp/B0DXNTYWHV/ref=sr_1_18
Electronics,MOUSE,"Portronics Toad 23 Wireless Optical Mouse with 2.4GHz, USB Nano Dongle, Optical Orientation, Click Wheel, Adjustable DPI(Black)",299,4.0,5,https://www.amazon.in/Portronics-Wireless-Optical-Orientation-Adjustable/dp/B0B296NTFV/ref=sr_1_19
Electronics,MOUSE,"Portronics Toad 34 Wireless Mouse with 2.4 GHz Wireless, Adjustable Sensitivity, USB Receiver, Ergonomic Design, for Laptops, Desktops PC, Mac (Grey)",269,4.0,500,https://www.amazon.in/Portronics-Wireless-Adjustable-Sensitivity-Ergonomic/dp/B0DGGW7FFS/ref=sr_1_20
Electronics,MONITOR,"FRONTECH 20 Inch (50.8 cm), LED, HD 1600 x 900, 60Hz, Black, 16.7M Colors, Wall Mountable, Slim & Stylish Design, HDMI, VGA, Built-in Power Supply Monitor (MON-0054)",2839,3.4,3,https://www.amazon.in/FRONTECH-Monitor-Refresh-Mountable-MON-0054/dp/B0C5RWGPF7/ref=sr_1_3
Electronics,MONITOR,"ZEBRONICS Zeb-V19Hd 18.5 Inch (46.99 Cm) Led Monitor with Supporting Hdmi, Vga Input, Hd 1366 X 768 Pixels, 16.7M Colors, Glossy Panel, Slim Design & Wall Mountable, Black",2699,3.6,1,https://www.amazon.in/ZEBRONICS-ZEB-V19HD-LED-Supporting-Mountable/dp/B09GG4FT99/ref=sr_1_4
Electronics,MONITOR,"Acer EK220Q 21.5 Inch (54.61 cm) Full HD (1920x1080) Pixels VA Panel LCD Monitor with LED Back Light I 1 MS VRB, 100Hz Refresh I 250 Nits I HDMI & VGA Ports with HDMI Cable I Eye Care Features (Black)",5695,4.3,1,https://www.amazon.in/Acer-1920x1080-Monitor-Refresh-Features/dp/B0BXP3CP9K/ref=sr_1_5
Electronics,MONITOR,"Samsung 24"" (60.5 cm) S3 Flat Monitor|Super Slim Borderless Design|IPS Panel|FHD 1920 x 1080|100 Hz|5 ms|Ports-HDMI,VGA|Game Mode|Eye Saver Mode||Wall Mountable|LS24D300GAWXXL|Black",7499,4.2,1,https://www.amazon.in/Samsung-Essential-Monitor-Resolution-LS24D300GAWXXL/dp/B0DQ57M7MD/ref=sr_1_6
Electronics,MONITOR,"FRONTECH 22-inch, LED, HD 1680x1050, 60Hz, Black, Wall Mountable Slim & Stylish Design, 16.7M Colors, HDMI & VGA Ports, Built-in Power Supply Monitor (MON-0060)",3499,3.4,1,https://www.amazon.in/FRONTECH-22-inch-1680x1050-Mountable-MON-0060/dp/B0CBTQZ63V/ref=sr_1_7
Electronics,MONITOR,"MSI PRO MP223 E2, 21.45 Inch (54.48 cm), Full HD 1920 x 1080, 100Hz, Black, Eye-Friendly Screen, Tilt-Adjustable, HDMI 1.4b, DisplayPort 1.2a Monitor",5699,4.6,500,https://www.amazon.in/MSI-MP223-E2-21-45-Inch-Monitor/dp/B0DFHJ8KYJ/ref=sr_1_8
Electronics,MONITOR,"ZEBRONICS EA124 LED Monitor, 24 inch (60.4cm), 250 nits, 100Hz, FHD, 1920x1080, HDMI, VGA, Ultra Slim Bezel, Built-in Speakers, Metal Stand, Wall Mountable",6499,3.8,500,https://www.amazon.in/ZEBRONICS-Monitor-1920x1080-Speakers-Mountable/dp/B0D2TFGBGS/ref=sr_1_9
Electronics,MONITOR,"ZEBRONICS V22HD+LED, 22 Inch (55.8cm) LED Monitor, Dual HDMI & VGA Input, HD+1680 x 1050, 220nits Brightness, 5000000:1 Dynamic Contrast Ratio, 16.7M Colors,16:10 Aspect Ratio, Wall Mountable",3999,3.5,1,https://www.amazon.in/ZEBRONICS-LED-Monitor-220nits-Brightness/dp/B0F99TS8M6/ref=sr_1_10
Electronics,MONITOR,"LG Ultragear™ 32GS60QC, 32 inch (81.28 cm), QHD 2560 x 1440 1000R Curved, 180Hz, Black, 1ms, AMD FreeSync™, HDR10, VESA Certified, HDMIx2 DisplayPort, 3-Side virtually Borderless Gaming Monitor",19649,4.3,400,https://www.amazon.in/LG-UltragearTM-FreeSyncTM-DisplayPort-Borderless/dp/B0DCBDVNLD/ref=sr_1_13
Electronics,MONITOR,"Lenovo Legion R25f-30, 25 Inch (63.50cm), FHD 1920x1080, 240Hz, Black, 0.5ms, AMD FreeSync, 99% sRGB, 90% DCI-P3, 3Wx2 Speaker, 2xHDMI, 1xDP, Tilt, Swivel, Pivot, Height Adjust Stand Gaming Monitor",12199,4.4,200,https://www.amazon.in/Lenovo-Legion-R25f-30-63-50cm-FreeSync-67B8GACBIN/dp/B0CV4CTTY1/ref=sr_1_14
Electronics,MONITOR,BenQ GW2790Q 27 Inch 2560X1440P 2K QHD IPS Monitor| 100Hz|99% Srgb|1500:1 CR|Eye-Careu|Dual HDMI|Display Port|Bezel-Less|Eyesafe|VESA Mediasync|B.I.|Low Blue Light+|Speakers|VESA Wall Mountable(Black),14990,4.3,1,https://www.amazon.in/BenQ-GW2790Q-2560x1440p-Monitor-100Hz/dp/B0DPCNCFGJ/ref=sr_1_15
Electronics,MONITOR,"FRONTECH 18.5-inch (46.99cm), LED, HD 1366x768, 60Hz, Black, HDMI & VGA Input, 16.7M Colors, Glossy Panel, Slim Design, Wall Mountable Monitor (MON-0061)",2599,3.5,300,https://www.amazon.in/FRONTECH-Monitor-Refresh-Mountable-MON-0061/dp/B0C5RWRGWP/ref=sr_1_16
Electronics,MONITOR,"Lenovo L22e-40, 21.4 Inch (54.48 cm), FHD 1920x1080, 75Hz, Grey, 4ms, 16.7Mn Colors, AMD FreeSync, TUV Eye Comfort, Low Blue Light, Smart Display Customization Artery, HDMI Monitor",6499,4.4,500,https://www.amazon.in/Lenovo-Ultraslim-Monitor-FreeSync-Customization/dp/B0C2VPX93F/ref=sr_1_17
Electronics,MONITOR,"Acer EK240Y P6 P6 23.8 Inch IPS Full HD Backlit LED Monitor I 144Hz Refresh Rate, 1MS VRB Response Time, AMD FreeSync I 1 x VGA 1 x HDMI with Inbox HDMI Cable I Zero Frame Design I Eye Care I Black",,4.6,500,https://www.amazon.in/Backlit-Monitor-Refresh-Response-FreeSync/dp/B0FFD2YSBY/ref=sr_1_18
Electronics,MONITOR,"FRONTECH 22-inch (55.88cm), LED, FHD 1920x1080, 75Hz, White, 3500R Curved, Bezel Less Design, HDMI & VGA Ports Monitor (MON-0079C)",5229,3.9,400,https://www.amazon.in/FRONTECH-Ultima-Monitor-Refresh-MON-0079C/dp/B0DC6X98MF/ref=sr_1_19
Electronics,MONITOR,"Samsung 27 inch FHD Essential Monitor S3 with 1800R Curved Screen, 100Hz Refresh Rate, Game Mode, Eye Saver Mode, HDMI & D-sub|16.7M Color Support|Flicker Free|Off Timer Plus (LS27D368GAWXXL, Black)",,4.6,200,https://www.amazon.in/Samsung-Essential-Monitor-Refresh-LS27D368GAWXXL/dp/B0FN8745CD/ref=sr_1_20
Electronics,WEBCAM,"Zebronics Zeb-Crystal Clear Web Camera, 0.3 MP with USB with 3P Lens,Built-in Microphone,Auto White Balance,Night Vision and Manual Switch for LED (Black)",699,3.2,1,https://www.amazon.in/Zebronics-Zeb-Crystal-Clear-Microphone-Balance/dp/B08CSMM7RT/ref=sr_1_3
Electronics,WEBCAM,"Logitech Brio 100 Full HD Webcam for Meetings and Streaming, Auto-Light Balance, Built-in Mic, Privacy Shutter, USB-A, for Microsoft Teams, Google Meet, Zoom and More- Graphite",2995,4.2,2,https://www.amazon.in/Logitech-Meetings-Streaming-Auto-Light-Microsoft/dp/B0CHFM2KTR/ref=sr_1_4
Electronics,WEBCAM,Logitech C270 HD Web Camera,1919,4.2,1,https://www.amazon.in/Logitech-C270-HD-Web-Camera/dp/B008QS9J6Y/ref=sr_1_5
Electronics,WEBCAM,"Zebronics FHD USB Webcam, 30FPS, 2P2G Lens, 2.0MP CMOS Sensor, Auto-White Balance, Auto-Exposure, Privacy Shutter, Built-in Mic, for Teams, FaceTime, PC/Laptop (Live Pro)",1299,3.8,500,https://www.amazon.in/Zebronics-Auto-White-Balance-Auto-Exposure-FaceTime/dp/B0FLXPZ77B/ref=sr_1_6
Electronics,WEBCAM,"Lenovo 300 FHD Webcam with Full Stereo Dual Built-in Mics | FHD 1080P 2.1 Megapixel CMOS Camera with USB |Ultra-Wide 95° Lens, 4X Digital Zoom | 360 Rotation | Flexible Mount | Cloud Grey",2790,4.0,500,https://www.amazon.in/LenovoTM-Megapixel-Ultra-Wide-Rotation-GXC1B34793/dp/B08KT89BWX/ref=sr_1_7
Electronics,WEBCAM,"Lapcare Lapcam HD 720M P, Noise Isolated Microphone with Computer HD stremaing Web cam for Desktop & Laptop with mic with Wide Angle Lens & Large Sensor for Superior Low Light, Optical (Black)",899,3.5,400,https://www.amazon.in/Lapcare-Isolated-Microphone-Computer-Streaming/dp/B08CRVVWYV/ref=sr_1_8
Electronics,WEBCAM,"FRONTECH Digital Webcam with Built-in Mic & LED Lights, 30 FPS, Plug and Play USB Interface, Auto White Balance, for Video Calling, Live Streaming, Online Classes, Laptop/PC/TV (2251, Black)",489,3.0,200,https://www.amazon.in/FRONTECH-Digital-Interface-Streaming-2251/dp/B0C6LTXKRS/ref=sr_1_9
Electronics,WEBCAM,"Kreo Owl Full HD 1080P 60 FPS Webcam with Auto-Focus and Built-in Dual Digital Mic, Plug and Play Setup for Video Call, Streaming, YouTube and More, Built-in Privacy Shutter with 360 Rotation (Black)",3799,4.3,500,https://www.amazon.in/Kreo-Auto-Focus-Digital-Streaming-Rotation/dp/B0CG372R11/ref=sr_1_10
Electronics,WEBCAM,"FRONTECH Webcam 2255 - HD 720p, Driverless DSP Chip, 4X Digital Zoom - Crystal Clear Video Calls CMOS Sensor|Built-in Mic| LED Lights, 30 FPS, Plug and Play USB Interface, Auto White Balance",794,3.1,200,https://www.amazon.in/FRONTECH-Webcam-2255-Driverless-Built/dp/B0CQFXR5ZK/ref=sr_1_13
Electronics,WEBCAM,"eMeet 1080P Webcam-USB Webcam With Microphone & Physical Privacy Cover,Noise-Canceling Mic,Auto Light Correction,C950 Ultra Compact FHD Web Cam W/ 70°View For Meeting/Online Classes/Zoom/Youtube,Black",1899,4.0,300,https://www.amazon.in/eMeet-1080P-Webcam-Microphone-Noise-Canceling/dp/B0CP6BTQKR/ref=sr_1_14
Electronics,WEBCAM,"BigPassport 1080P/30FPS Ultra HD Webcam with Mic | 5P Lens USB Camera for Laptop, Desktop, PC | Face Detection, Skype, Zoom, Online Meetings, Classes – Pro-Live N3",999,3.7,100,https://www.amazon.in/BigPassport-Microphone-Advanced-Detection-Meetings/dp/B0CK17TBJY/ref=sr_1_15
Electronics,WEBCAM,"HP 320 FHD Webcam 1080 Full HD 30fps - Plug and Play Setup, Wide-Angle View for Video Calling on Skype, Zoom, Microsoft Teams and Other Apps/ 1 Year Warranty (53X26AA),Black",2010,4.0,201000,https://www.amazon.in/HP-Chromebook-Compatible-Connection-Microphone/dp/B0BD7PHMP9/ref=sr_1_16
Electronics,WEBCAM,"Logitech Brio 100 Full HD Webcam for Meetings and Streaming, Auto-Light Balance, Built-in Mic, Privacy Shutter, USB-A, for Microsoft Teams, Google Meet, Zoom and More- OffWhite",2995,4.2,300,https://www.amazon.in/Logitech-Meetings-Streaming-Auto-Light-Microsoft/dp/B0CHFMXHKS/ref=sr_1_17
Electronics,WEBCAM,"Kreo Owl Lite Full HD Webcam with 1080P 30 FPS, Auto-Focus and Built-in Dual Digital Mic, Plug and Play Setup for Video Call, Streaming, YouTube and More (Black, Owl Lite)",2199,4.3,200,https://www.amazon.in/Kreo-Auto-Focus-Digital-Streaming-YouTube/dp/B0FLJD9JM3/ref=sr_1_18
Electronics,WEBCAM,"Logitech MX Brio Ultra HD 4K Collaboration and Streaming Webcam with Free Adobe Subscription, 1080p at 60 FPS, Dual Noise Reducing Mics, Show Mode, USB-C, Webcam Cover",19917,4.2,50,https://www.amazon.in/Logitech-Collaboration-Streaming-Reducing-Microsoft/dp/B0CW96V1Z2/ref=sr_1_19
Electronics,WEBCAM,"Logitech C920 HD Pro Webcam - 1080p, Optical, Full HD Streaming Camera for Widescreen Video Calling and Recording, Dual Microphones, Autofocus, Compatible with PC - Desktop Computer or Laptop - Black",7954,4.3,100,https://www.amazon.in/Logitech-C920-Pro-Webcam-Microphones/dp/B006JH8T3S/ref=sr_1_20
Books,BOOK,Don't Believe Everything You Think (English),184,4.5,,https://www.amazon.in/Dont-Believe-Everything-You-Think/dp/935543135X/ref=sr_1_1
Books,BOOK,Dopamine Detox: A Short Guide to Remove Distractions and Get Your Brain to Do Hard Things,199,4.4,,https://www.amazon.in/Dopamine-Detox-Remove-Distractions-Things/dp/8183286011/ref=sr_1_2
Books,BOOK,"Eighteen Years With Enya: What You Seek To Change, Changes You",299,5.0,,https://www.amazon.in/Eighteen-Years-Enya-Change-Changes/dp/B0FTZNC6PH/ref=sr_1_3
Books,BOOK,"Ikigai: The Japanese Secret to a Long and Happy Life | A Global Self-Help Phenomenon that Guides You Towards a Joyful, Balanced, and Meaningful Life",373,4.6,,https://www.amazon.in/Ikigai-Japanese-Self-Help-Phenomenon-Meaningful/dp/178633089X/ref=sr_1_4
Books,BOOK,Metamorphosis,109,4.4,,https://www.amazon.in/Metamorphosis-Franz-Kafka/dp/8172345135/ref=sr_1_5
Books,BOOK,"THINK STRAIGHT: Change Your Thoughts, Change Your Life",176,4.2,,https://www.amazon.in/Think-Straight-Change-your-thoughts/dp/0143452134/ref=sr_1_6
Books,BOOK,Deewar Mein Ek Khidki Rahti Thi । दीवार में एक खिड़की रहती थी [ साहित्य अकादमी पुरस्कार से पुरस्कृत उपन्यास ],196,4.4,,https://www.amazon.in/Deewar-%E0%A4%B8%E0%A4%BE%E0%A4%B9%E0%A4%BF%E0%A4%A4%E0%A5%8D%E0%A4%AF-%E0%A4%AA%E0%A5%81%E0%A4%B0%E0%A4%B8%E0%A5%8D%E0%A4%95%E0%A4%BE%E0%A4%B0-%E0%A4%AA%E0%A5%81%E0%A4%B0%E0%A4%B8%E0%A5%8D%E0%A4%95%E0%A5%83%E0%A4%A4-%E0%A4%89%E0%A4%AA%E0%A4%A8%E0%A5%8D%E0%A4%AF%E0%A4%BE%E0%A4%B8/dp/939282078X/ref=sr_1_7
Books,BOOK,Atomic Habits: The life-changing million copy bestseller,445.,4.6,,https://www.amazon.in/Atomic-Habits-James-Clear/dp/1847941834/ref=sr_1_8
Books,BOOK,Thank You for Leaving: Learning to be okay with saying goodbye | A new book by one of India’s highest selling authors - Rithvik Singh,221,4.4,,https://www.amazon.in/Thank-You-Leaving-Learning-goodbye/dp/0143474057/ref=sr_1_9
Books,BOOK,"The Art of Being Alone: Loneliness Was My Cage, Solitude Is My Home (English)",185,4.5,,https://www.amazon.in/Art-Being-Alone-Loneliness-Solitude/dp/9355434022/ref=sr_1_10
Books,BOOK,Attitude is Everything change your attitude change your life!,171,4.5,,https://www.amazon.in/Attitude-Everything-Change-Your-Life/dp/9351772071/ref=sr_1_11
Books,BOOK,World’s Greatest Books For Personal Growth & Wealth (Set of 4 Books) : Perfect Motivational Gift Set,349,4.5,,https://www.amazon.in/Worlds-Greatest-Personal-Growth-Wealth/dp/9389432014/ref=sr_1_12
Books,BOOK,"Courage To Be Disliked, The: How to free yourself, change your life and achieve real happiness",299,4.5,,https://www.amazon.in/Courage-Be-Disliked-yourself-happiness/dp/1760630721/ref=sr_1_13
Books,BOOK,The Practicing Mind,199,4.4,,https://www.amazon.in/Practicing-Mind-Thomas-M-Sterner/dp/9386867109/ref=sr_1_14
Books,BOOK,Psychopathology of Everyday Life by Sigmund Freud [Premium Paperback] Introduction to Psychology | Discover the Power of Subconscious Mind | Human Psychology Books | Author of Interpretation of Dreams,177,4.5,,https://www.amazon.in/Psychopathology-Introduction-Psychology-Subconscious-Interpretation/dp/9362631687/ref=sr_1_15
Books,BOOK,Read People Like a Book,323,4.3,,https://www.amazon.in/Read-People-Like-Book-Patrick/dp/B0C23SF7NQ/ref=sr_1_16
Accessories,WATCH,Fossil,9421,4.2,400,https://www.amazon.in/Fossil-Fenmore-Midsize-Multifunction-Stainless/dp/B07T3GZB3R/ref=sr_1_5
Accessories,WATCH,Titan,18128,4.4,300,https://www.amazon.in/Titan-Maritime-Analog-Green-Watch-1830KL02/dp/B07YPJLTQW/ref=sr_1_6
Accessories,WATCH,Giordano,2499,,,https://www.amazon.in/Giordano-Stylish-Design-Textured-Silicone/dp/B0FS1TK27H/ref=sr_1_7
Accessories,WATCH,Samsung,30999,4.4,500,https://www.amazon.in/Samsung-Galaxy-Watch-Ultra-Smartwatch/dp/B0FC3LXNP4/ref=sr_1_8
Accessories,WATCH,Armani Exchange,23995,4.8,10,https://www.amazon.in/Armani-Exchange-Stainless-Analog-Watch-AX2457/dp/B0D84R8WYY/ref=sr_1_9
Accessories,WATCH,Noise,1399,4.0,5,https://www.amazon.in/Noise-Launched-Bluetooth-Calling-Tracking/dp/B0BJ72WZQ7/ref=sr_1_10
Accessories,WATCH,Giordano,2699,4.5,,https://www.amazon.in/Giordano-Stainless-Steel-Analog-Watch/dp/B0FS1RV6V9/ref=sr_1_11
Accessories,WATCH,Casio,1706,4.4,10,https://www.amazon.in/Casio-Vintage-Digital-Grey-Watch-A158WA-1Q/dp/B000GAYQJ0/ref=sr_1_12
Accessories,WATCH,Titan,7391,4.3,300,https://www.amazon.in/Titan-Analog-Black-Watch-NL1805NM01-NP1805NM01/dp/B07MXKMWT5/ref=sr_1_13
Accessories,WATCH,LOUIS DEVIN,349,3.9,1,https://www.amazon.in/LOUIS-DEVIN-Silicone-Analog-LD-BK054-BLACK/dp/B0BD5R89RQ/ref=sr_1_14
Accessories,WATCH,Fastrack,850,4.1,2,https://www.amazon.in/Fastrack-Analog-Black-Unisex-Adult-Watch-38024PP25/dp/B099WNYHY2/ref=sr_1_15
Accessories,WATCH,MARVIK,399,2.9,2,https://www.amazon.in/MARVIK-D20-Plus-Waterproof-Activity/dp/B0DS14JKB1/ref=sr_1_16
Accessories,WATCH,Fastrack,1599,4.0,5,https://www.amazon.in/Fastrack-Limitless-Functional-SingleSync-Smartwatch/dp/B0D962SZZ1/ref=sr_1_17
Accessories,WATCH,TIMEWEAR,379,3.9,700,https://www.amazon.in/TIMEWEAR-Analog-Green-Functioning-Stainless/dp/B0F8JHDGK7/ref=sr_1_18
Accessories,WATCH,Titan,7911,4.4,400,https://www.amazon.in/Titan-Wedding-Bandhan-Unisexs-Watch-17752481KM01/dp/B07PY6CQYV/ref=sr_1_19
Accessories,WATCH,Titan,1906,4.3,3,https://www.amazon.in/Titan-Karishma-Stainless-Watch-NL1639SM02-NN1639SM02/dp/B00ISNVQMW/ref=sr_1_20
Accessories,WATCH,Shocknshop,499,4.0,900,https://www.amazon.in/Shocknshop-Digital-Stylish-Multifunctional-Electronic/dp/B0BW3RBC3K/ref=sr_1_21
Accessories,WATCH,Samsung,18999,4.0,2,https://www.amazon.in/Samsung-Galaxy-Classic-Compatible-Android/dp/B0CCV8DBFH/ref=sr_1_22
Accessories,WATCH,LOUIS DEVIN,299,3.7,700,https://www.amazon.in/LOUIS-DEVIN-Leather-Bw030-Brwn-Analogue/dp/B07J3BBVB6/ref=sr_1_23
Accessories,WATCH,Sonata,675,4.0,1,https://www.amazon.in/SF-Quartz-Analog-White-Men-NS7930PP01/dp/B00ECWG1NC/ref=sr_1_24
Accessories,WATCH,Shocknshop,499,3.4,400,https://www.amazon.in/Shocknshop-Minimalist-Creative-Design-WCH372/dp/B0FLKGK91F/ref=sr_1_25
Accessories,WATCH,Apple,104900,4.0,,https://www.amazon.in/Apple-Watch-Cellular-Titanium-Milanese/dp/B0FQFJLYN9/ref=sr_1_26
Accessories,WATCH,Google,20499,4.0,50,https://www.amazon.in/Google-Fitbit-Tracking-Management-Features/dp/B0CGX9JPWY/ref=sr_1_27
Accessories,WATCH,Casio,2995,4.4,400,https://www.amazon.in/Casio-Enticer-Analog-Watch-MTP-VD01D-2EVUDF-A1364/dp/B07BS3LCP1/ref=sr_1_28
Accessories,WATCH,Fastrack,2999,4.0,1,https://www.amazon.in/Fastrack-Resolution-SingleSync-Assistant-Smartwatch/dp/B0DGGVHMDS/ref=sr_1_29
Accessories,WATCH,Fossil,8121,4.2,100,https://www.amazon.in/Fossil-Fenmore-Multifunction-Black-BQ2364/dp/B07R4P572S/ref=sr_1_30
Accessories,WATCH,Apple,28900,4.7,50,https://www.amazon.in/Apple-Watch-Starlight-Aluminium-Sport/dp/B0FQFT397C/ref=sr_1_31
Accessories,WATCH,Casio,10995,4.4,50,https://www.amazon.in/Casio-Chronograph-Multi-Colour-Watch-EFR-539D-1A2VUDF-EX190/dp/B00KR9O1B8/ref=sr_1_32
Accessories,WATCH,Titan,29695,4.0,,https://www.amazon.in/Titan-Stainless-Watch-Men_90174Kd03-Bandcolor-Rose/dp/B0CSZ5HSQ7/ref=sr_1_33
Accessories,WATCH,Armani Exchange,13995,4.1,10,https://www.amazon.in/Armani-Exchange-Hampton-Analog-Watch-AX2103/dp/B00786VYGS/ref=sr_1_34
Accessories,WATCH,Fastrack,1436,4.3,600,https://www.amazon.in/Fastrack-Stunners-Quartz-Guys-NR3291SM02-NT3291SM02/dp/B0BHTJ3HVY/ref=sr_1_39
Accessories,WATCH,Titan,2876,4.3,1,https://www.amazon.in/Titan-Workwear-Leather-Men-NS1802NL02-NT1802NL02/dp/B08JM33QNK/ref=sr_1_40
Accessories,WATCH,Titan,6796,4.3,300,https://www.amazon.in/Titan-Splash-Multifunction-Stainless-Men-NS1805QM01/dp/B09R1MYFLW/ref=sr_1_41
Accessories,WATCH,Titan,5295,4.3,900,https://www.amazon.in/Titan-Analog-Blue-Dial-Watch/dp/B075P5L5D4/ref=sr_1_42
Accessories,WATCH,Fossil,8047,4.2,400,https://www.amazon.in/Fossil-Decker-Chronograph-Black-Watch-CH2885/dp/B00EVZ83J0/ref=sr_1_43
Accessories,WATCH,Fossil,10146,4.2,50,https://www.amazon.in/Fossil-Luther-Analog-Black-Watch-BQ2328/dp/B09B42WB9D/ref=sr_1_44
Accessories,WATCH,boAt,1499,3.9,2,https://www.amazon.in/boAt-Lunar-Discovery-Navigation-Bluetooth/dp/B0DFYKMR8T/ref=sr_1_45
Accessories,WATCH,Seiko,27000,4.5,,https://www.amazon.in/Seiko-Analog-Green-Dial-Watch-SRPD63K1/dp/B07WGN85VN/ref=sr_1_46
Accessories,WATCH,Titan,19995,4.4,50,https://www.amazon.in/Titan-Regalia-Premium-Stainless-Men-NS1830YM02/dp/B0BRQGXT2N/ref=sr_1_47
Accessories,WATCH,Noise,1399,4.0,5,https://www.amazon.in/Noise-Advanced-Bluetooth-Brightness-Smartwatch/dp/B0B6BLTGTT/ref=sr_1_48
Accessories,WATCH,Titan,64995,3.2,,https://www.amazon.in/Titan-Analog-Black-Dial-Watch-10008NL01/dp/B0CLRDTPGQ/ref=sr_1_49
Accessories,WATCH,Fire-Boltt,1999,3.9,,https://www.amazon.in/Fire-Boltt-Axiom-Smart-Watch-Always/dp/B0FP2D6Z16/ref=sr_1_50
Accessories,WATCH,Titan,8997,4.4,50,https://www.amazon.in/Titan-Quartz-Multifunction-Anthracite-Stainless/dp/B0B6P6G75Z/ref=sr_1_51
Accessories,WATCH,Armani Exchange,17995,4.4,50,https://www.amazon.in/Armani-Exchange-Analog-Black-Watch-AX2164/dp/B00VB71TVU/ref=sr_1_52
Accessories,WATCH,CrossBeats,2999,4.2,1,https://www.amazon.in/CrossBeats-Everest-Display-Bluetooth-Smartwatch/dp/B0F8GP4FL1/ref=sr_1_53
Accessories,WATCH,Fastrack,2995,4.0,400,https://www.amazon.in/Fastrack-Limitless-Calling-Assistant-Tracking/dp/B0F5HRC4QC/ref=sr_1_54
Accessories,WATCH,Garmin,30990,4.6,200,https://www.amazon.in/Garmin-Instinct-Smartwatch-Monitoring-Ultratough/dp/B0BXLXXTL2/ref=sr_1_55
Accessories,WATCH,Casio,8534,4.3,200,https://www.amazon.in/Casio-Analog-Digital-Black-Watch-GA-2100-1A1DR-G987/dp/B07YCTCMFK/ref=sr_1_56
Accessories,WATCH,Fossil,8121,4.3,100,https://www.amazon.in/Fossil-Chronograph-Black-Dial-Watch-CH2891/dp/B00DUCIMCI/ref=sr_1_57
Accessories,WATCH,Casio,5795,4.3,100,https://www.amazon.in/Casio-Enticer-Multi-Watch-MTP-1374L-1AVDF-A834/dp/B00GRROOOS/ref=sr_1_58
Accessories,WATCH,Seiko,40500,4.5,,https://www.amazon.in/Seiko-Analog-Blue-Dial-Watch-SSK003K1/dp/B0B3GJYFQX/ref=sr_1_59
Accessories,WATCH,Tommy Hilfiger,17000,4.0,,https://www.amazon.in/Tommy-Hilfiger-Analog-Blue-Watch-TH1791560/dp/B07MQDR5N8/ref=sr_1_60
Accessories,WATCH,Casio,7466,4.5,100,https://www.amazon.in/Casio-Analog-Digital-Black-Watch-GA-2100-1ADR-G986/dp/B07YCS8NFP/ref=sr_1_61
Accessories,WATCH,Noise,1399,4.0,1,https://www.amazon.in/Noise-Display-TruSync%E1%B5%80%E1%B4%B9-Calling-Tracking/dp/B0FCMC8T4F/ref=sr_1_62
Accessories,WATCH,Titan,9527,4.5,50,https://www.amazon.in/Titan-Quartz-Leather-Couple-NS17742565WL01P-NT17742565WL01/dp/B07Q2SJTPD/ref=sr_1_63
Accessories,WATCH,Fossil,12495,4.4,,https://www.amazon.in/Fossil-Analog-Off-White-Dial-Watch-FS5380/dp/B074ZHN54C/ref=sr_1_64
Accessories,WATCH,OnePlus,12999,4.3,500,https://www.amazon.in/OnePlus-Snapdragon-Stainless-Frequency-Bluetooth/dp/B0CVQDZWVX/ref=sr_1_65
Accessories,WATCH,Titan,7095,4.4,100,https://www.amazon.in/Titan-Analog-NM1805NL01-NN1805NL01-NP1805NL01/dp/B07MXL9FJX/ref=sr_1_66
Accessories,WATCH,Titan,10695,4.2,50,https://www.amazon.in/Titan-Analog-NR90086KM01-Stainless-Silver/dp/B07BBLLP53/ref=sr_1_67
Accessories,WATCH,Samsung,16495,4.0,1,https://www.amazon.in/Samsung-Galaxy-Classic-Compatible-Android/dp/B0CCV8HMTF/ref=sr_1_68
Clothing,SHOES,ASIAN,799,3.6,1,https://www.amazon.in/ASIAN-MEXICO-11-Synthetic-Lightweight-Comfortable/dp/B0DBD365C4/ref=sr_1_5
Clothing,SHOES,Reebok,1349,3.9,1,https://www.amazon.in/Reebok-Stride-Runner-Running-Shoes/dp/B09SHTBKK4/ref=sr_1_6
Clothing,SHOES,Nike,4295,,,https://www.amazon.in/Nike-Downshifter-13-Wolf-Black-Blue-HERO-WHITE-FD6454-015-14UK/dp/B0DZWFW4C7/ref=sr_1_7
Clothing,SHOES,ASIAN,599,4.0,1,https://www.amazon.in/ASIAN-Wonder-13-Sports-Running-Shoes/dp/B01N54ZM9W/ref=sr_1_8
Clothing,SHOES,PUMA,1549,3.9,1,https://www.amazon.in/Puma-Dazzler-Black-Puma-Silver-Sneaker/dp/B09RGJCVW6/ref=sr_1_9
Clothing,SHOES,LANCER,512,3.6,200,https://www.amazon.in/Lancer-White-Sports-Running-Indus-251/dp/B081LG5BRT/ref=sr_1_10
Clothing,SHOES,Bata,599,4.0,700,https://www.amazon.in/Bata-Slipon-Walking-Shoes-Size/dp/B0B6G7N8R5/ref=sr_1_11
Clothing,SHOES,Campus,999,4.0,300,https://www.amazon.in/Campus-SLAKE-L-GRY-Running-Shoes/dp/B0CV2FV152/ref=sr_1_12
Clothing,SHOES,ASIAN,719,3.8,200,https://www.amazon.in/ASIAN-Tarzan-11-Sneaker-High-Neck-Lightweight/dp/B0CD4GCMZG/ref=sr_1_13
Clothing,SHOES,Campus,999,4.0,400,https://www.amazon.in/Campus-Mens-First-Running-Shoes/dp/B08X6BXXQG/ref=sr_1_14
Clothing,SHOES,Campus,899,4.3,100,https://www.amazon.in/Campus-Mens-OG-35-Sneakers-Off-WHT/dp/B0DJQTDLGB/ref=sr_1_15
Clothing,SHOES,Liberty,599,3.7,100,https://www.amazon.in/Liberty-Gola-SCHV-White-School-Uniform/dp/B0BYVVX1ZT/ref=sr_1_16
Clothing,SHOES,Campus,999,4.0,200,https://www.amazon.in/Campus-Mens-Black-Running-Shoes/dp/B08PS46J2N/ref=sr_1_17
Clothing,SHOES,SPARX,743,4.1,200,https://www.amazon.in/Sparx-SM-675-Orange-Sports-SX0675GGYNO0007/dp/B08WJ1PZC2/ref=sr_1_18
Clothing,SHOES,PUMA,3480,,,https://www.amazon.in/Unisex-Adult-FlexFocus-Jam-Lilac-Crush-White-31009328/dp/B0FLKJS4FG/ref=sr_1_19
Clothing,SHOES,BRUTON,445,3.7,100,https://www.amazon.in/BRUTON-Lite-Sport-Shoes-Running/dp/B0DHGM2YWR/ref=sr_1_20
Clothing,SHOES,SPARX,775,4.1,100,https://www.amazon.in/Sparx-Mens-Black-Sneakers-SM-162/dp/B00IZ95S3M/ref=sr_1_25
Clothing,SHOES,Skechers,2598,4.1,100,https://www.amazon.in/Skechers-Black-Mens-Casual-Shoes-232057ID-BBK-SUMMITS-Brisbane-UK6/dp/B09XXQ94ZX/ref=sr_1_26
Clothing,SHOES,Reebok,1299,3.9,100,https://www.amazon.in/Reebok-Runing-Sports-Energy-Runner/dp/B08D3L7853/ref=sr_1_27
Clothing,SHOES,ASIAN,679,3.7,100,https://www.amazon.in/ASIAN-Synthetic-Lightweight-Comfortable-Moscow-12/dp/B0CVTVT79X/ref=sr_1_28
Clothing,SHOES,Reebok,1319,4.3,50,https://www.amazon.in/Reebok-SUPERSPEED-Black-Running-Shoes/dp/B0F8H7BD91/ref=sr_1_29
Clothing,SHOES,new balance,6178,4.1,,https://www.amazon.in/Balance-Mens-MS327CBW-Casual-Black/dp/B0BH13ZM5R/ref=sr_1_30
Clothing,SHOES,SPARX,729,4.2,300,https://www.amazon.in/Womens-SX0170L-Running-Shoe-7-SX0170LBKGM0007/dp/B08PWVXTQS/ref=sr_1_31
Clothing,SHOES,Lancer,523,3.7,50,https://www.amazon.in/Lancer-Mens-WONDER-6-FBLK-Black-Running/dp/B0D8L7FY8X/ref=sr_1_32
Clothing,SHOES,Reebok,1379,4.1,100,https://www.amazon.in/Reebok-RWSORA4349-Women-Running-Shoes/dp/B0FK5G2S2H/ref=sr_1_33
Clothing,SHOES,Campus,1319,4.3,400,https://www.amazon.in/Campus-STRUT-Running-Shoes-L-Gry/dp/B0F4DGMRXH/ref=sr_1_34
Clothing,SHOES,ASIAN,1249,4.1,200,https://www.amazon.in/ASIAN-SUPERSTAR-01-Running-Superior-Cushioning/dp/B0CMGS64T1/ref=sr_1_35
Clothing,SHOES,Campus,1079,3.9,100,https://www.amazon.in/Campus-Terminator-R-Slate-Running-Shoes/dp/B0DJFK9QZV/ref=sr_1_36
Clothing,SHOES,Campus,1199,4.1,200,https://www.amazon.in/Campus-Mens-OG-34-Off-Sneakers/dp/B0DQDKGWMG/ref=sr_1_37
Clothing,SHOES,new balance,3123,,,https://www.amazon.in/Balance-Mens-M411YC3-Running-White/dp/B0F53GDLG2/ref=sr_1_38
Clothing,SHOES,Woodland,3116,4.2,,https://www.amazon.in/Woodland-Khaki-Sneakers-10-OGC-2706117/dp/B07DQTFXDP/ref=sr_1_39
Clothing,SHOES,SPARX,860,4.0,500,https://www.amazon.in/Sparx-Black-Running-Shoes-SM-414-42/dp/B07HL4CF4R/ref=sr_1_40
Clothing,SHOES,new balance,5228.,3.9,,https://www.amazon.in/Balance-Unisex-Lifestyle-Shoe-Black/dp/B0DS2KKSGZ/ref=sr_1_41
Clothing,SHOES,PUMA,2499,4.1,50,https://www.amazon.in/Unisex-Adult-Curves-White-Haute-Sneaker-40608807/dp/B0FD41B9M7/ref=sr_1_42
Clothing,SHOES,ASIAN,679,3.8,50,https://www.amazon.in/ASIAN-Cosco-Sports-Running-Shoes/dp/B07NDBH4VN/ref=sr_1_43
Clothing,SHOES,Campus,849,4.1,100,https://www.amazon.in/Campus-Mens-Black-N-Orange-Sneakers/dp/B09FY5HFGF/ref=sr_1_44
Clothing,SHOES,Campus,1217,4.3,200,https://www.amazon.in/Campus-Mens-Brisk-Sneakers-L-Sky/dp/B0DYYBJK4Y/ref=sr_1_45
Clothing,SHOES,Red Chief,1619,3.6,,https://www.amazon.in/Red-Chief-Leather-Casual-Sneaker/dp/B0CRBC6Z3V/ref=sr_1_46
Clothing,SHOES,Skechers,3119,4.2,,https://www.amazon.in/Skechers-Mens-Running-Shoes-GO-Velocity-2-0-220329ID-BKW-7/dp/B0F2TBRYMX/ref=sr_1_47
Clothing,SHOES,Skechers,2160,4.3,,https://www.amazon.in/Skechers-womens-NAVY-AQUA-Running/dp/B0BR4FV64V/ref=sr_1_48
Clothing,SHOES,Skechers,2343,4.0,,https://www.amazon.in/Skechers-894312ID-NVY-Skechers-Mens-Casual-Shoes-TERRENEX-894312ID-NVY-7/dp/B0DTJ4WXQ8/ref=sr_1_49
Clothing,SHOES,ASIAN,674,3.8,100,https://www.amazon.in/ASIAN-Mens-Future-01-Running-Shoes/dp/B08K733LG7/ref=sr_1_50
Clothing,SHOES,PUMA,2999,4.0,,https://www.amazon.in/Classicat-White-Metallic-Gold-Matte-Gold-Black-10780710/dp/B0F5HR2Y8W/ref=sr_1_51
Clothing,SHOES,Lify,489,3.9,100,https://www.amazon.in/Lify-Water-Shoes-Barefoot-Quick-Dry/dp/B0BNHJ53FM/ref=sr_1_52
Clothing,SHOES,PUMA,2499,3.7,,https://www.amazon.in/Unisex-Adult-SkyVolt-White-Sage-Frost-Lux-30927605/dp/B0FD42QJ8P/ref=sr_1_53
Clothing,SHOES,PUMA,1399,4.0,300,https://www.amazon.in/Puma-Snatch-Black-Puma-White-Sneaker/dp/B09RG9CW29/ref=sr_1_54
Clothing,SHOES,new balance,2068,2.6,,https://www.amazon.in/Balance-Running-Shoes-Black-Yellow/dp/B0DWXKZLV3/ref=sr_1_55
Clothing,SHOES,PUMA,2252,4.2,,https://www.amazon.in/Puma-Womens-Runwise-Mist-Carnation-Sneaker/dp/B0CTZT5YVL/ref=sr_1_56
